,Asset 1,Asset 2,p-value,Start Time,End Time,Train Days,Test Days,Train Wallet,Test Wallet,Parameters,Train Sharpe Ratio,Test Sharpe Ratio,Backtesting_Period
0,AEURUSDT,EURIUSDT,3.1112254644796143e-10,2024-06-22 23:59:59.999000,2024-11-19 23:59:59.999000,150,50,10083.815374449934,9484.937499437621,"[0.5, 10]",-0.10268090173575344,-0.2275767446320398,1
1,ACAUSDT,BATUSDT,7.263026857258226e-9,2024-06-22 23:59:59.999000,2024-11-19 23:59:59.999000,150,50,14845.850096266271,11754.706973804281,"[0.5, 40]",0.18279160168320688,0.10977028338864617,1
2,IOSTUSDT,SCRTUSDT,2.7893179827020955e-8,2024-06-22 23:59:59.999000,2024-11-19 23:59:59.999000,150,50,18298.02712370662,12167.08370096285,"[1.5, 100]",0.12087063029682138,0.16425468440251725,1
3,ALPHAUSDT,RADUSDT,8.472614360921171e-8,2024-06-22 23:59:59.999000,2024-11-19 23:59:59.999000,150,50,10439.681107182249,13181.259504324744,"[1.0, 40]",0.0995495697152859,0.3565126734901727,1
4,CTKUSDT,TNSRUSDT,1.2721946011751055e-7,2024-06-22 23:59:59.999000,2024-11-19 23:59:59.999000,150,50,16772.96977404792,10579.89559943247,"[2.0, 70]",0.20783400638153382,0.10593552072668622,1
5,RADUSDT,SLPUSDT,1.6935100690308007e-7,2024-06-22 23:59:59.999000,2024-11-19 23:59:59.999000,150,50,24547.19407091391,11390.84640986663,"[0.5, 80]",0.29158626384481556,0.1264916095866275,1
6,CTSIUSDT,SCRTUSDT,2.3020741727663571e-7,2024-06-22 23:59:59.999000,2024-11-19 23:59:59.999000,150,50,15803.192978502266,13980.797120714862,"[0.5, 30]",0.19949759136549886,0.1837797438425566,1
7,SLFUSDT,VICUSDT,2.687392784050806e-7,2024-06-22 23:59:59.999000,2024-11-19 23:59:59.999000,150,50,10567.963832196012,11565.174446186184,"[0.5, 30]",0.04777400039114626,0.12728177789723338,1
8,ACAUSDT,FLOWUSDT,3.5888330457151983e-7,2024-06-22 23:59:59.999000,2024-11-19 23:59:59.999000,150,50,18061.341361933282,9723.757098851873,"[1.5, 60]",0.17995391361128305,-0.009332375890185983,1
9,ACEUSDT,JASMYUSDT,4.011680208571183e-7,2024-06-22 23:59:59.999000,2024-11-19 23:59:59.999000,150,50,17548.012950263008,8218.999312262362,"[0.5, 20]",0.20442342079410827,-0.06032789842995619,1
10,RADUSDT,TNSRUSDT,4.849035496693744e-7,2024-06-22 23:59:59.999000,2024-11-19 23:59:59.999000,150,50,14447.511154359134,11720.444439575662,"[2.0, 80]",0.14667428597782395,0.21742801125770644,1
11,PUNDIXUSDT,STRAXUSDT,7.105364884473391e-7,2024-06-22 23:59:59.999000,2024-11-19 23:59:59.999000,150,50,17710.204798353258,9536.876968480954,"[0.5, 40]",0.25021981373279734,-0.017696528034118666,1
12,MOVRUSDT,RVNUSDT,8.886868480990482e-7,2024-06-22 23:59:59.999000,2024-11-19 23:59:59.999000,150,50,14427.688206054167,10742.031546579048,"[1.5, 40]",0.24550299753208066,0.13891947085967102,1
13,LDOUSDT,XAIUSDT,0.0000012578624882441864,2024-06-22 23:59:59.999000,2024-11-19 23:59:59.999000,150,50,11473.48730359417,8335.807443926056,"[1.5, 130]",0.14734863257651812,-0.15508469481745982,1
14,KAVAUSDT,MTLUSDT,0.000001375900891876863,2024-06-22 23:59:59.999000,2024-11-19 23:59:59.999000,150,50,14640.24709519028,10059.526247610731,"[2.0, 40]",0.21524476594406317,0.0048590315421989955,1
15,GLMRUSDT,KNCUSDT,0.0000019815928882768445,2024-06-22 23:59:59.999000,2024-11-19 23:59:59.999000,150,50,16408.216038415685,11085.21479242033,"[0.5, 40]",0.27244020343989983,0.1083682516457151,1
16,CTKUSDT,LINKUSDT,0.000003642566929624082,2024-06-22 23:59:59.999000,2024-11-19 23:59:59.999000,150,50,18005.690023443418,9767.996239179543,"[1.5, 40]",0.2100943379106003,-0.027763534586324683,1
17,QKCUSDT,TONUSDT,0.000004666982458393902,2024-06-22 23:59:59.999000,2024-11-19 23:59:59.999000,150,50,10721.38840208516,10716.09397485746,"[1.5, 30]",0.05494601954334758,0.08276228573383888,1
18,GLMRUSDT,IOUSDT,0.000005448471373632737,2024-06-22 23:59:59.999000,2024-11-19 23:59:59.999000,150,50,12482.929842549172,9916.730706376922,"[2.5, 40]",0.14942464947533843,0.000786151945162518,1
19,FXSUSDT,TRBUSDT,0.0000068066345581924005,2024-06-22 23:59:59.999000,2024-11-19 23:59:59.999000,150,50,21665.270663157415,8350.583741454575,"[0.5, 10]",0.1604092592994132,-0.12148329305432375,1
20,ETHFIUSDT,LISTAUSDT,0.000008030080426880616,2024-06-22 23:59:59.999000,2024-11-19 23:59:59.999000,150,50,11495.099840578938,12052.763577136137,"[0.5, 60]",0.10920282113716352,0.2046683922492853,1
21,HIVEUSDT,ZILUSDT,0.000008832064299047985,2024-06-22 23:59:59.999000,2024-11-19 23:59:59.999000,150,50,12758.92994638114,7383.961975305681,"[1.5, 20]",0.1735490166607862,-0.09902592808287732,1
22,AMPUSDT,RENDERUSDT,0.000008923390568088593,2024-06-22 23:59:59.999000,2024-11-19 23:59:59.999000,150,50,11874.947657126953,7473.810942570911,"[1.5, 40]",0.15790918141814095,-0.15073310097543893,1
23,MTLUSDT,POLYXUSDT,0.000010548396861122049,2024-06-22 23:59:59.999000,2024-11-19 23:59:59.999000,150,50,16353.684223706976,11423.151968043221,"[0.5, 60]",0.18295846250824258,0.19020842174166813,1
24,AMPUSDT,GLMRUSDT,0.00001229237521004337,2024-06-22 23:59:59.999000,2024-11-19 23:59:59.999000,150,50,12587.934494947367,9924.165662059235,"[3.5, 40]",0.13791823742185594,0.001658126382261222,1
25,ARDRUSDT,SUIUSDT,0.000012489136272770676,2024-06-22 23:59:59.999000,2024-11-19 23:59:59.999000,150,50,19363.205805112815,8416.34858365819,"[0.5, 80]",0.1858208611821672,-0.1155278275618104,1
26,ALCXUSDT,SPELLUSDT,0.000012566357647768853,2024-06-22 23:59:59.999000,2024-11-19 23:59:59.999000,150,50,13663.745645874937,10296.269741121121,"[1.5, 30]",0.16614549045037186,0.06978634211280837,1
27,CTSIUSDT,IOUSDT,0.000013221091479086988,2024-06-22 23:59:59.999000,2024-11-19 23:59:59.999000,150,50,16968.16943487288,8246.859180705602,"[1.0, 10]",0.12422120721254641,-0.18977610210596907,1
28,IOUSDT,SNXUSDT,0.000013680464647380748,2024-06-22 23:59:59.999000,2024-11-19 23:59:59.999000,150,50,13662.545134974209,10792.24689645111,"[0.5, 40]",0.1876964095134225,0.06908750370133816,1
29,AUDIOUSDT,FLMUSDT,0.00001442103484300229,2024-06-22 23:59:59.999000,2024-11-19 23:59:59.999000,150,50,14896.023840637323,11108.433920892128,"[0.5, 50]",0.17335222697374272,0.16706562539797254,1
30,HOTUSDT,MOVRUSDT,0.00001709993191255718,2024-06-22 23:59:59.999000,2024-11-19 23:59:59.999000,150,50,14962.432625147252,10767.468696126281,"[1.0, 60]",0.1870015544111115,0.07276067851238079,1
31,C98USDT,DEXEUSDT,0.000019373776991197946,2024-06-22 23:59:59.999000,2024-11-19 23:59:59.999000,150,50,13451.154751890708,5993.1662019258,"[0.5, 30]",0.19101271034358236,-0.32522736504782757,1
32,DEXEUSDT,SNXUSDT,0.000020048992319513813,2024-06-22 23:59:59.999000,2024-11-19 23:59:59.999000,150,50,13612.046579801301,6519.588369056334,"[0.5, 20]",0.22255273589738336,-0.17308146508752228,1
33,ONTUSDT,POLYXUSDT,0.000020676779294165097,2024-06-22 23:59:59.999000,2024-11-19 23:59:59.999000,150,50,12579.71577486631,9799.136719678212,"[0.5, 70]",0.14310233716588952,-0.014519521712912457,1
34,HIGHUSDT,PYRUSDT,0.00002154651800749979,2024-06-22 23:59:59.999000,2024-11-19 23:59:59.999000,150,50,17709.158366656073,10021.660869561096,"[0.5, 10]",0.2394850559038612,0.003643101382837931,1
35,FARMUSDT,MOVRUSDT,0.000026743447977583548,2024-06-22 23:59:59.999000,2024-11-19 23:59:59.999000,150,50,12119.464640408518,12737.769338392347,"[1.5, 100]",0.1480330949106744,0.15995601256672892,1
36,FILUSDT,KNCUSDT,0.000027510745073136762,2024-06-22 23:59:59.999000,2024-11-19 23:59:59.999000,150,50,11380.423107177849,12217.270045554487,"[2.0, 40]",0.1364850509499427,0.26985142963872666,1
37,COSUSDT,PHAUSDT,0.000029213798587834874,2024-06-22 23:59:59.999000,2024-11-19 23:59:59.999000,150,50,18972.88217581505,3807.0566483877565,"[0.5, 60]",0.25716287165692037,-0.13341507896711277,1
38,ATAUSDT,RADUSDT,0.00003121248894726665,2024-06-22 23:59:59.999000,2024-11-19 23:59:59.999000,150,50,16497.258322481688,11114.084963058676,"[1.5, 50]",0.18105141658455343,0.10431817808563373,1
39,FISUSDT,GHSTUSDT,0.000039546313670838934,2024-06-22 23:59:59.999000,2024-11-19 23:59:59.999000,150,50,20097.812701938932,9207.456424006765,"[1.0, 40]",0.2297200539622463,-0.049231545282377644,1
40,IOSTUSDT,SANDUSDT,0.000040621248006677785,2024-06-22 23:59:59.999000,2024-11-19 23:59:59.999000,150,50,15700.465892615202,8118.442028690356,"[0.5, 60]",0.1990920454226528,-0.039714188433946855,1
41,KNCUSDT,SANDUSDT,0.00004065090794380822,2024-06-22 23:59:59.999000,2024-11-19 23:59:59.999000,150,50,11700.223051370656,12638.800304980956,"[2.5, 60]",0.16048848018658846,0.23100317709155135,1
42,STRAXUSDT,TUSDT,0.00004230945755047689,2024-06-22 23:59:59.999000,2024-11-19 23:59:59.999000,150,50,13221.552529576422,10619.842645505756,"[0.5, 10]",0.20338935655320034,0.04980766715831965,1
43,COMPUSDT,FLMUSDT,0.00004356434032272258,2024-06-22 23:59:59.999000,2024-11-19 23:59:59.999000,150,50,16248.8552146567,12689.842976459373,"[0.5, 60]",0.1897442108836482,0.15591966596176368,1
44,LUNAUSDT,THETAUSDT,0.000045083219802862796,2024-06-22 23:59:59.999000,2024-11-19 23:59:59.999000,150,50,13588.04122287265,10071.547400113219,"[1.5, 40]",0.180134257865601,0.012590476595577327,1
45,LISTAUSDT,XAIUSDT,0.00004834634120737373,2024-06-22 23:59:59.999000,2024-11-19 23:59:59.999000,150,50,13777.416496703127,8795.78517036256,"[0.5, 40]",0.15789641731767354,-0.13710490513261428,1
46,JUVUSDT,LISTAUSDT,0.000051665406414996235,2024-06-22 23:59:59.999000,2024-11-19 23:59:59.999000,150,50,18768.873186544886,9986.70100123015,"[0.5, 10]",0.11602775415948155,0.007381779250528145,1
47,DYMUSDT,STXUSDT,0.00005621998288962908,2024-06-22 23:59:59.999000,2024-11-19 23:59:59.999000,150,50,14461.839522907292,11343.263486233367,"[0.5, 60]",0.1461845637534399,0.11158023369411665,1
48,USDTDAI,XRPUSDT,0.00005761770233079239,2024-06-22 23:59:59.999000,2024-11-19 23:59:59.999000,150,50,12896.09796348619,10000,"[2.5, 60]",0.10930502592378014,-Infinity,1
49,SPELLUSDT,ZILUSDT,0.00005889201532208793,2024-06-22 23:59:59.999000,2024-11-19 23:59:59.999000,150,50,13172.106853887843,10037.779071114423,"[0.5, 10]",0.13962516870138464,0.006427595212654194,1
0,BTCUSDT,WBTCUSDT,5.391441737024825e-12,2024-08-11 23:59:59.999000,2025-01-08 23:59:59.999000,150,50,10167.783149617242,10039.46346546301,"[0.5, 30]",0.027240159033879798,-0.07270237163076883,2
1,APEUSDT,LUMIAUSDT,4.6544515403145904e-10,2024-08-11 23:59:59.999000,2025-01-08 23:59:59.999000,150,50,13672.11770072392,10223.509918964965,"[1.5, 10]",0.10734584331776799,0.03556890931403967,2
2,PROMUSDT,RADUSDT,3.805989865177988e-9,2024-08-11 23:59:59.999000,2025-01-08 23:59:59.999000,150,50,17620.095784336994,8142.903020904266,"[0.5, 10]",0.20295471433979512,-0.1618219605348808,2
3,QTUMUSDT,WAXPUSDT,6.04915431976674e-9,2024-08-11 23:59:59.999000,2025-01-08 23:59:59.999000,150,50,13698.507057927742,10423.028638240117,"[2.0, 70]",0.15034904525858472,0.04328531408435385,2
4,AIUSDT,STEEMUSDT,7.016300845607602e-9,2024-08-11 23:59:59.999000,2025-01-08 23:59:59.999000,150,50,49379.9308992903,9880.648469920194,"[0.5, 70]",0.26421299626300726,-0.0010392585066738328,2
5,MANAUSDT,ZRXUSDT,1.176622499308724e-8,2024-08-11 23:59:59.999000,2025-01-08 23:59:59.999000,150,50,15317.027550361907,9851.080025488722,"[0.5, 10]",0.12711426419609273,-0.054293874833418784,2
6,HOTUSDT,MOVRUSDT,4.048145794086797e-8,2024-08-11 23:59:59.999000,2025-01-08 23:59:59.999000,150,50,22106.79274692844,9330.087390508714,"[0.5, 80]",0.1812010841881162,-0.12299804134144124,2
7,ACAUSDT,XTZUSDT,6.814272135772771e-8,2024-08-11 23:59:59.999000,2025-01-08 23:59:59.999000,150,50,31600.769504940505,9797.484023814222,"[0.5, 130]",0.23159729575692672,-0.016683464785041194,2
8,FISUSDT,RSRUSDT,7.477086246498131e-8,2024-08-11 23:59:59.999000,2025-01-08 23:59:59.999000,150,50,23827.059064181598,9024.893018928864,"[0.5, 90]",0.11231606416484019,-0.10856423308518703,2
9,JSTUSDT,SANDUSDT,7.691033057781189e-8,2024-08-11 23:59:59.999000,2025-01-08 23:59:59.999000,150,50,15760.773733604467,10000,"[3.5, 60]",0.1437092846637578,-Infinity,2
10,ALPHAUSDT,RADUSDT,8.51013425729776e-8,2024-08-11 23:59:59.999000,2025-01-08 23:59:59.999000,150,50,18869.49505091979,12984.797606801529,"[0.5, 40]",0.2066462482284291,0.3008790810830355,2
11,ANKRUSDT,TUSDT,1.3698290406200572e-7,2024-08-11 23:59:59.999000,2025-01-08 23:59:59.999000,150,50,16669.60296710658,11307.925521389321,"[0.5, 10]",0.21427001601188195,0.20844671551653904,2
12,SANDUSDT,VETUSDT,1.4415110226315186e-7,2024-08-11 23:59:59.999000,2025-01-08 23:59:59.999000,150,50,22428.79342875055,10006.357560827979,"[0.5, 130]",0.147373418444395,-0.009575378623147694,2
13,JSTUSDT,LTCUSDT,2.0479495694461517e-7,2024-08-11 23:59:59.999000,2025-01-08 23:59:59.999000,150,50,18717.964423080062,8028.765431658388,"[0.5, 130]",0.14900660913695996,-0.17718210371816434,2
14,DASHUSDT,JSTUSDT,2.3224838465885629e-7,2024-08-11 23:59:59.999000,2025-01-08 23:59:59.999000,150,50,18951.228540861506,10007.04828921383,"[0.5, 60]",0.13773375754493394,0.0007918784332436712,2
15,ACAUSDT,KSMUSDT,2.600134156990595e-7,2024-08-11 23:59:59.999000,2025-01-08 23:59:59.999000,150,50,29615.632232535878,9858.725806444325,"[0.5, 120]",0.14009894228373612,-0.011256400667747983,2
16,KAVAUSDT,ONTUSDT,2.620256293796815e-7,2024-08-11 23:59:59.999000,2025-01-08 23:59:59.999000,150,50,12255.517347869125,10100.931588543144,"[2.0, 70]",0.16958638909839607,0.0148192872532657,2
17,ARDRUSDT,SXPUSDT,3.7952102476504874e-7,2024-08-11 23:59:59.999000,2025-01-08 23:59:59.999000,150,50,23784.850694672223,11725.254098547113,"[0.5, 70]",0.21463827535895008,0.28176952403335415,2
18,ARPAUSDT,WOOUSDT,5.012427080727705e-7,2024-08-11 23:59:59.999000,2025-01-08 23:59:59.999000,150,50,22726.978755224805,9940.628799728735,"[0.5, 40]",0.26309456154132677,0.002926275849492539,2
19,DGBUSDT,VETUSDT,5.626106529957348e-7,2024-08-11 23:59:59.999000,2025-01-08 23:59:59.999000,150,50,24759.17192757047,10531.309528862821,"[1.5, 100]",0.2549423555451689,0.08301592144250176,2
20,ALGOUSDT,SANDUSDT,5.93884669062652e-7,2024-08-11 23:59:59.999000,2025-01-08 23:59:59.999000,150,50,19696.074075240525,10000,"[3.0, 90]",0.1318122957865807,-Infinity,2
21,TUSDT,WAXPUSDT,7.12314867898047e-7,2024-08-11 23:59:59.999000,2025-01-08 23:59:59.999000,150,50,12902.61752907219,9774.621815146429,"[1.5, 10]",0.23309972733769846,-0.04204294390435481,2
22,ENJUSDT,GLMRUSDT,8.820341428178914e-7,2024-08-11 23:59:59.999000,2025-01-08 23:59:59.999000,150,50,21270.17487970478,10215.72970181627,"[0.5, 80]",0.24998274013160524,0.03936051545940683,2
23,QTUMUSDT,TUSDT,9.7238616194893e-7,2024-08-11 23:59:59.999000,2025-01-08 23:59:59.999000,150,50,14247.026226866483,9172.380408225437,"[2.0, 30]",0.19599516844893375,-0.0737363857868607,2
24,MBLUSDT,PUNDIXUSDT,0.0000010790235535334825,2024-08-11 23:59:59.999000,2025-01-08 23:59:59.999000,150,50,17972.01131685763,10485.0429362165,"[0.5, 20]",0.3029043863875017,0.09727198804044694,2
25,PROMUSDT,SYNUSDT,0.0000010879477312217823,2024-08-11 23:59:59.999000,2025-01-08 23:59:59.999000,150,50,18399.70375692746,9886.664440534727,"[1.5, 90]",0.17682040597291013,-0.006786864036128959,2
26,NEOUSDT,ZRXUSDT,0.000001173295283093979,2024-08-11 23:59:59.999000,2025-01-08 23:59:59.999000,150,50,13440.526975620634,10000,"[3.0, 50]",0.16422081007523417,-Infinity,2
27,KMDUSDT,THETAUSDT,0.0000012496471123938297,2024-08-11 23:59:59.999000,2025-01-08 23:59:59.999000,150,50,21737.04444119535,10038.919643549656,"[0.5, 100]",0.271938620993607,0.003792941462505993,2
28,FXSUSDT,STRAXUSDT,0.0000012586403792913367,2024-08-11 23:59:59.999000,2025-01-08 23:59:59.999000,150,50,15761.900724262123,10000,"[3.5, 110]",0.1485646915262033,-Infinity,2
29,ARDRUSDT,IQUSDT,0.0000014476557389549736,2024-08-11 23:59:59.999000,2025-01-08 23:59:59.999000,150,50,19174.836339383775,11987.89889190373,"[0.5, 40]",0.23885092088755447,0.18577600853003906,2
30,AUDIOUSDT,FLMUSDT,0.0000015182983424541613,2024-08-11 23:59:59.999000,2025-01-08 23:59:59.999000,150,50,18712.606480400384,9586.30790905983,"[0.5, 100]",0.25370281754090085,-0.05762542024001061,2
31,KMDUSDT,XVSUSDT,0.0000023153116566266515,2024-08-11 23:59:59.999000,2025-01-08 23:59:59.999000,150,50,17948.58632310636,9386.214058014844,"[0.5, 40]",0.22305973627362155,-0.041884237914347165,2
32,BANDUSDT,C98USDT,0.0000023649475443441343,2024-08-11 23:59:59.999000,2025-01-08 23:59:59.999000,150,50,15940.800188413727,9975.279333017073,"[0.5, 30]",0.23927291981095355,-0.006418056043527747,2
33,BANDUSDT,SNXUSDT,0.000002616613665633259,2024-08-11 23:59:59.999000,2025-01-08 23:59:59.999000,150,50,13459.451024426411,10278.026364396035,"[1.5, 50]",0.1977274457098984,0.049115308658734216,2
34,DASHUSDT,DGBUSDT,0.0000027608130681169044,2024-08-11 23:59:59.999000,2025-01-08 23:59:59.999000,150,50,21313.297096943956,10506.516952433232,"[0.5, 50]",0.1874084439833736,0.09649728456077132,2
35,AMPUSDT,COMPUSDT,0.0000028258246725566555,2024-08-11 23:59:59.999000,2025-01-08 23:59:59.999000,150,50,19829.355065093383,11984.967906700962,"[1.5, 100]",0.25146401231106275,0.1720783981441125,2
36,BLURUSDT,YGGUSDT,0.000002833882165024109,2024-08-11 23:59:59.999000,2025-01-08 23:59:59.999000,150,50,21857.21055887837,9847.328636516506,"[0.5, 30]",0.2539469914266323,-0.036843284383216435,2
37,GMTUSDT,POLYXUSDT,0.000003086646724732382,2024-08-11 23:59:59.999000,2025-01-08 23:59:59.999000,150,50,12972.688934701997,10000,"[3.0, 90]",0.1657158821494421,-Infinity,2
38,STEEMUSDT,STRAXUSDT,0.0000035784270781615005,2024-08-11 23:59:59.999000,2025-01-08 23:59:59.999000,150,50,15945.43826782625,10767.866212984445,"[0.5, 40]",0.11831814837931186,0.13916154290744207,2
39,FUNUSDT,JASMYUSDT,0.000003958148510971095,2024-08-11 23:59:59.999000,2025-01-08 23:59:59.999000,150,50,14464.798430650751,10304.996210064484,"[2.0, 10]",0.1590084846473683,0.053145520664060496,2
40,HOTUSDT,OGNUSDT,0.000004346036851822412,2024-08-11 23:59:59.999000,2025-01-08 23:59:59.999000,150,50,16639.23641401827,10000,"[1.5, 90]",0.22154636730825902,-Infinity,2
41,MOVRUSDT,RVNUSDT,0.000005039838625398421,2024-08-11 23:59:59.999000,2025-01-08 23:59:59.999000,150,50,15055.920962844757,9511.147725886274,"[1.5, 40]",0.23914290485118933,-0.14723190097689445,2
42,ANKRUSDT,QTUMUSDT,0.000005122940673624485,2024-08-11 23:59:59.999000,2025-01-08 23:59:59.999000,150,50,13574.951594296386,8651.202200640015,"[2.0, 90]",0.18705517341646571,-0.09022518112235631,2
43,DCRUSDT,LUMIAUSDT,0.0000058822854330689455,2024-08-11 23:59:59.999000,2025-01-08 23:59:59.999000,150,50,15942.973430590202,9310.342229296346,"[0.5, 10]",0.24283170776043905,-0.06311663767963947,2
44,PYRUSDT,QIUSDT,0.0000064520271928083945,2024-08-11 23:59:59.999000,2025-01-08 23:59:59.999000,150,50,18398.61407376409,12919.676542371419,"[0.5, 90]",0.17135388351635084,0.440053775657788,2
45,FLMUSDT,HOTUSDT,0.000006482873435419081,2024-08-11 23:59:59.999000,2025-01-08 23:59:59.999000,150,50,13411.015384660519,9627.643534670771,"[0.5, 110]",0.1522673625573475,-0.06407965578582428,2
46,COMPUSDT,YFIUSDT,0.000006593592601454786,2024-08-11 23:59:59.999000,2025-01-08 23:59:59.999000,150,50,13420.276339702677,10000,"[3.0, 130]",0.15210819352202323,-Infinity,2
47,VETUSDT,XTZUSDT,0.000006639631453034073,2024-08-11 23:59:59.999000,2025-01-08 23:59:59.999000,150,50,13340.415352357555,10000,"[3.5, 30]",0.17118410133948772,-Infinity,2
48,TRXUSDT,YFIUSDT,0.000007554665943091226,2024-08-11 23:59:59.999000,2025-01-08 23:59:59.999000,150,50,20477.77879117307,10000,"[2.0, 90]",0.13316572874469224,-Infinity,2
49,FARMUSDT,POLUSDT,0.000008028235898361353,2024-08-11 23:59:59.999000,2025-01-08 23:59:59.999000,150,50,11323.732032884132,10006.654826050812,"[2.0, 10]",0.10850692422738284,-0.04663824149246787,2
0,NEIROUSDT,PNUTUSDT,2.3857380992996446e-22,2024-09-30 23:59:59.999000,2025-02-27 23:59:59.999000,150,50,10597.773017665426,10477.078216286613,"[2.0, 10]",0.03791082214046244,0.062486146647728086,3
1,AVAUSDT,MEUSDT,1.5529035088557024e-15,2024-09-30 23:59:59.999000,2025-02-27 23:59:59.999000,150,50,10681.06406804651,9767.50190015465,"[1.0, 20]",0.10524193428057407,-0.024502254208528612,3
2,BOMEUSDT,PNUTUSDT,5.766875227537984e-15,2024-09-30 23:59:59.999000,2025-02-27 23:59:59.999000,150,50,13031.15118627748,9271.055405163259,"[1.5, 30]",0.11661888441804454,-0.07705466160878237,3
3,APEUSDT,LUMIAUSDT,1.7400465841576177e-12,2024-09-30 23:59:59.999000,2025-02-27 23:59:59.999000,150,50,13977.703092660737,9749.109901801461,"[1.5, 10]",0.08365975119341,-0.05088237663789061,3
4,DGBUSDT,JSTUSDT,6.508988222822655e-11,2024-09-30 23:59:59.999000,2025-02-27 23:59:59.999000,150,50,29972.57796769475,12175.013149774606,"[0.5, 50]",0.21667173159040629,0.13175650228555102,3
5,KSMUSDT,SCRTUSDT,9.664017895812024e-11,2024-09-30 23:59:59.999000,2025-02-27 23:59:59.999000,150,50,31267.159557173567,9907.303890102441,"[0.5, 40]",0.15712692019105134,-0.025083830942434063,3
6,PNUTUSDT,WIFUSDT,1.445393914463844e-10,2024-09-30 23:59:59.999000,2025-02-27 23:59:59.999000,150,50,11078.524798792352,12324.689794619784,"[0.5, 10]",0.06739882917979362,0.17890987241230502,3
7,1MBABYDOGEUSDT,ACXUSDT,2.0031479694295773e-10,2024-09-30 23:59:59.999000,2025-02-27 23:59:59.999000,150,50,10070.740375729405,9535.528824918603,"[0.5, 10]",-0.029641200971654933,-0.07089388616331956,3
8,STEEMUSDT,STGUSDT,4.900889835862699e-10,2024-09-30 23:59:59.999000,2025-02-27 23:59:59.999000,150,50,28776.290176780814,9299.389287353339,"[0.5, 50]",0.20179160211362257,-0.06465501896643326,3
9,DASHUSDT,JSTUSDT,1.5674254664917584e-9,2024-09-30 23:59:59.999000,2025-02-27 23:59:59.999000,150,50,16419.57489272597,10575.016536774217,"[0.5, 30]",0.13451297944188226,0.07863220542366083,3
10,ORCAUSDT,PEPEUSDT,3.221887097963113e-9,2024-09-30 23:59:59.999000,2025-02-27 23:59:59.999000,150,50,10984.736808649432,13139.201082228317,"[0.5, 10]",0.07282785633295802,0.19559032805553192,3
11,MTLUSDT,WAXPUSDT,4.763278095000501e-9,2024-09-30 23:59:59.999000,2025-02-27 23:59:59.999000,150,50,14340.229827565074,10122.502267674443,"[1.5, 130]",0.26233870419400535,0.02060006996364957,3
12,JSTUSDT,SANDUSDT,7.502941163747488e-9,2024-09-30 23:59:59.999000,2025-02-27 23:59:59.999000,150,50,15760.773733604467,10000,"[3.0, 70]",0.14505954514130923,-Infinity,3
13,MLNUSDT,VELODROMEUSDT,1.864073799833483e-8,2024-09-30 23:59:59.999000,2025-02-27 23:59:59.999000,150,50,10513.530661559473,10525.609445976608,"[1.5, 20]",0.16042177165938196,0.05521571397222786,3
14,MBLUSDT,POWRUSDT,2.694908040483511e-8,2024-09-30 23:59:59.999000,2025-02-27 23:59:59.999000,150,50,16811.621203118008,11425.765623779986,"[0.5, 130]",0.2520147200113333,0.23902409616069684,3
15,MEUSDT,PIVXUSDT,3.5547505683449755e-8,2024-09-30 23:59:59.999000,2025-02-27 23:59:59.999000,150,50,8835.483203795706,9938.036614043727,"[2.0, 20]",-0.00937944542460623,-0.027191405981504574,3
16,GALAUSDT,NEOUSDT,4.0027588597126484e-8,2024-09-30 23:59:59.999000,2025-02-27 23:59:59.999000,150,50,14799.403408835205,8659.55470975008,"[2.0, 40]",0.13241829656796303,-0.19667763722953524,3
17,BTCUSDT,WBTCUSDT,4.084011625642143e-8,2024-09-30 23:59:59.999000,2025-02-27 23:59:59.999000,150,50,10250.376248299333,10038.723439291593,"[0.5, 110]",0.0893419931606363,-0.09541235863979275,3
18,QIUSDT,SNXUSDT,4.216096148974653e-8,2024-09-30 23:59:59.999000,2025-02-27 23:59:59.999000,150,50,26190.577891547233,8751.424353665054,"[0.5, 30]",0.2772192590745563,-0.15551005206579413,3
19,PYRUSDT,QIUSDT,4.3002218157601114e-8,2024-09-30 23:59:59.999000,2025-02-27 23:59:59.999000,150,50,22129.067787659387,8235.636966761733,"[0.5, 90]",0.22952359607434072,-0.20784795348775956,3
20,HIFIUSDT,IQUSDT,6.084196569865688e-8,2024-09-30 23:59:59.999000,2025-02-27 23:59:59.999000,150,50,20430.35975228414,7128.444693788951,"[0.5, 10]",0.2774106916176414,-0.2733362025622383,3
21,RLCUSDT,ZKUSDT,9.413977119667881e-8,2024-09-30 23:59:59.999000,2025-02-27 23:59:59.999000,150,50,16890.308775127683,10013.822110018162,"[0.5, 70]",0.21024441733969557,0.0036329273975276165,3
22,JSTUSDT,YFIUSDT,1.983873021378726e-7,2024-09-30 23:59:59.999000,2025-02-27 23:59:59.999000,150,50,15296.285705661985,10000,"[3.0, 90]",0.15109067978552598,-Infinity,3
23,FIDAUSDT,UMAUSDT,2.9200583986509696e-7,2024-09-30 23:59:59.999000,2025-02-27 23:59:59.999000,150,50,12775.41213827914,10101.829166526208,"[0.5, 40]",0.06975914211413105,0.013750197303496477,3
24,STEEMUSDT,SUNUSDT,4.2972515075436406e-7,2024-09-30 23:59:59.999000,2025-02-27 23:59:59.999000,150,50,19189.633119715352,10464.468751302518,"[0.5, 30]",0.14791349189203964,0.049253289340177704,3
25,COTIUSDT,VICUSDT,5.702944040127338e-7,2024-09-30 23:59:59.999000,2025-02-27 23:59:59.999000,150,50,22433.55062421036,11487.125755407838,"[0.5, 50]",0.21649139416983354,0.08411162902864265,3
26,JUVUSDT,USTCUSDT,5.900668654069182e-7,2024-09-30 23:59:59.999000,2025-02-27 23:59:59.999000,150,50,21016.128392378396,10000,"[3.5, 130]",0.11788938772996728,-Infinity,3
27,BAKEUSDT,JUVUSDT,6.296270666726597e-7,2024-09-30 23:59:59.999000,2025-02-27 23:59:59.999000,150,50,17849.058877444542,10000,"[1.5, 130]",0.11909582456323016,-Infinity,3
28,1MBABYDOGEUSDT,ORCAUSDT,7.783878685230792e-7,2024-09-30 23:59:59.999000,2025-02-27 23:59:59.999000,150,50,12385.636235424252,22469.238023160397,"[0.5, 10]",0.07761678117682617,0.2019469066550581,3
29,IQUSDT,SCUSDT,8.582741161846339e-7,2024-09-30 23:59:59.999000,2025-02-27 23:59:59.999000,150,50,16248.51529109826,11368.233785042752,"[0.5, 50]",0.2509372753307603,0.17963137072640073,3
30,MEUSDT,UTKUSDT,9.302104084520878e-7,2024-09-30 23:59:59.999000,2025-02-27 23:59:59.999000,150,50,11369.895804216962,10158.359265016868,"[0.5, 10]",0.08076863437836726,0.021433218621707332,3
31,ACEUSDT,TRBUSDT,0.000001011006305008205,2024-09-30 23:59:59.999000,2025-02-27 23:59:59.999000,150,50,13012.792662394542,10479.455329017326,"[0.5, 20]",0.12032255349621708,0.0969011410426421,3
32,BTTCUSDT,TUSDT,0.0000012855149802653739,2024-09-30 23:59:59.999000,2025-02-27 23:59:59.999000,150,50,14199.642332540172,10000,"[2.0, 110]",0.19353193088513926,-Infinity,3
33,ALPHAUSDT,RADUSDT,0.0000012988387324378187,2024-09-30 23:59:59.999000,2025-02-27 23:59:59.999000,150,50,23748.135087694776,13519.715354737047,"[0.5, 40]",0.25371342274695036,0.18927936010482818,3
34,ALPHAUSDT,ARPAUSDT,0.0000014994460704742387,2024-09-30 23:59:59.999000,2025-02-27 23:59:59.999000,150,50,13935.959454632874,10000,"[3.5, 130]",0.1611942130679634,-Infinity,3
35,GASUSDT,IQUSDT,0.0000016677798388987192,2024-09-30 23:59:59.999000,2025-02-27 23:59:59.999000,150,50,17886.432170343178,9375.575839506118,"[1.5, 60]",0.19722757965922438,-0.009510415571419847,3
36,PNUTUSDT,TRBUSDT,0.0000017750475996001128,2024-09-30 23:59:59.999000,2025-02-27 23:59:59.999000,150,50,12412.876166699076,11586.408655311869,"[1.5, 10]",0.08379378814919936,0.22802691563711427,3
37,DGBUSDT,XTZUSDT,0.0000019386267970032717,2024-09-30 23:59:59.999000,2025-02-27 23:59:59.999000,150,50,28069.731482267493,7071.0853428975615,"[0.5, 110]",0.21586121620401474,-0.20975195825544135,3
38,DEGOUSDT,ZROUSDT,0.0000019463923072058077,2024-09-30 23:59:59.999000,2025-02-27 23:59:59.999000,150,50,16183.046842298576,8357.48947288816,"[0.5, 50]",0.16587681827517692,-0.07823841194109105,3
39,ENJUSDT,GLMRUSDT,0.0000020390375192982625,2024-09-30 23:59:59.999000,2025-02-27 23:59:59.999000,150,50,19923.54623141155,9442.00703531002,"[0.5, 80]",0.23655417857769512,-0.128704872941284,3
40,SUNUSDT,THETAUSDT,0.0000023824411934496873,2024-09-30 23:59:59.999000,2025-02-27 23:59:59.999000,150,50,11424.885388754143,10896.160075160806,"[1.5, 60]",0.10726763548504896,0.12452407603929558,3
41,RAREUSDT,STXUSDT,0.0000024702539954054145,2024-09-30 23:59:59.999000,2025-02-27 23:59:59.999000,150,50,12001.82233608793,6563.929700849946,"[1.5, 10]",0.1511569466952675,-0.11783910760213513,3
42,KAVAUSDT,QTUMUSDT,0.0000027431275713922895,2024-09-30 23:59:59.999000,2025-02-27 23:59:59.999000,150,50,20235.083188756373,8306.901934694955,"[0.5, 110]",0.22635759920213303,-0.15497843017968532,3
43,LQTYUSDT,ORCAUSDT,0.000003489644756620386,2024-09-30 23:59:59.999000,2025-02-27 23:59:59.999000,150,50,10816.493577441941,12600.226296120356,"[2.0, 10]",0.1250084669275258,0.37457075299163994,3
44,ASRUSDT,DOGSUSDT,0.0000035144676013131384,2024-09-30 23:59:59.999000,2025-02-27 23:59:59.999000,150,50,12440.219921674909,10602.877148957532,"[1.5, 70]",0.13807098358978193,0.06228819127335768,3
45,BSWUSDT,CHRUSDT,0.000003945631103377922,2024-09-30 23:59:59.999000,2025-02-27 23:59:59.999000,150,50,13486.924130358568,9169.145183607978,"[2.0, 40]",0.15461481898241713,-0.06640039230777514,3
46,BTTCUSDT,KNCUSDT,0.000004277021885531554,2024-09-30 23:59:59.999000,2025-02-27 23:59:59.999000,150,50,20578.99732815299,10486.173998241533,"[0.5, 40]",0.21699148567608917,0.0719323935725059,3
47,BAKEUSDT,LISTAUSDT,0.000004402320290734972,2024-09-30 23:59:59.999000,2025-02-27 23:59:59.999000,150,50,20423.352945878112,9612.082765002542,"[1.0, 30]",0.13106915870950286,-0.037562990551722845,3
48,CHRUSDT,TLMUSDT,0.000004468490920843207,2024-09-30 23:59:59.999000,2025-02-27 23:59:59.999000,150,50,17622.92145869789,11747.93311496378,"[0.5, 70]",0.28503364099005407,0.4418414452129094,3
49,ACMUSDT,YGGUSDT,0.0000045187854009130645,2024-09-30 23:59:59.999000,2025-02-27 23:59:59.999000,150,50,19469.96915578673,10451.72851771146,"[0.5, 60]",0.22421779479882487,0.0416891860567557,3
0,AVAUSDT,MEUSDT,3.9567071805469616e-13,2024-11-19 23:59:59.999000,2025-04-18 23:59:59.999000,150,50,11378.032438345494,12212.435042798554,"[2.0, 30]",0.10012133243876899,0.25948213784825713,4
1,IQUSDT,TUSDT,1.0398732767432282e-12,2024-11-19 23:59:59.999000,2025-04-18 23:59:59.999000,150,50,19742.797330839312,10919.406632522812,"[0.5, 80]",0.16890899201099838,0.15325061666048834,4
2,JSTUSDT,KAIAUSDT,2.0960363682209725e-12,2024-11-19 23:59:59.999000,2025-04-18 23:59:59.999000,150,50,11030.94572148665,10419.60140823286,"[0.5, 50]",0.0768769891152002,0.0476976277338261,4
3,FLOKIUSDT,ONEUSDT,1.6472064099954348e-11,2024-11-19 23:59:59.999000,2025-04-18 23:59:59.999000,150,50,12603.950266975498,10000,"[3.5, 110]",0.1279039134699621,-Infinity,4
4,ANIMEUSDT,SPELLUSDT,3.0414436173710303e-11,2024-11-19 23:59:59.999000,2025-04-18 23:59:59.999000,150,50,10359.227848679155,9166.265233922799,"[2.5, 30]",0.04088167603248394,-0.09010751359031786,4
5,MEUSDT,UTKUSDT,4.82703093801074e-11,2024-11-19 23:59:59.999000,2025-04-18 23:59:59.999000,150,50,10606.430291097859,10734.336100549612,"[0.5, 40]",0.06646050206774735,0.09936106560091444,4
6,DASHUSDT,JSTUSDT,1.528002749710061e-10,2024-11-19 23:59:59.999000,2025-04-18 23:59:59.999000,150,50,15537.506549515809,10958.4797879434,"[1.0, 30]",0.12148735568742655,0.09767684454073443,4
7,1000CATUSDT,ZENUSDT,1.5929388209099895e-10,2024-11-19 23:59:59.999000,2025-04-18 23:59:59.999000,150,50,10300.908045640072,7515.013820156096,"[0.5, 40]",0.029600551194087273,-0.12662507844184692,4
8,ANIMEUSDT,SKLUSDT,1.6598433502783376e-10,2024-11-19 23:59:59.999000,2025-04-18 23:59:59.999000,150,50,10441.364433904779,9259.697875830961,"[2.5, 30]",0.04897523355907682,-0.1045201235075355,4
9,KSMUSDT,OGNUSDT,2.2081543784314343e-10,2024-11-19 23:59:59.999000,2025-04-18 23:59:59.999000,150,50,17090.90199873924,14602.100868119729,"[0.5, 10]",0.16416524685889677,0.32006330438701297,4
10,TRUMPUSDT,VTHOUSDT,2.3120534809439506e-10,2024-11-19 23:59:59.999000,2025-04-18 23:59:59.999000,150,50,10694.979250007498,10000,"[3.5, 30]",0.08467106704823102,-Infinity,4
11,1MBABYDOGEUSDT,ACXUSDT,2.314221327071035e-10,2024-11-19 23:59:59.999000,2025-04-18 23:59:59.999000,150,50,9702.219233038275,10492.116905984396,"[1.5, 10]",-0.03058901224623914,0.08147008825337113,4
12,KSMUSDT,MAVUSDT,5.86360168881256e-10,2024-11-19 23:59:59.999000,2025-04-18 23:59:59.999000,150,50,12318.919571573746,10000,"[3.5, 40]",0.11126768523827556,-Infinity,4
13,BAKEUSDT,JUVUSDT,6.427521678729937e-10,2024-11-19 23:59:59.999000,2025-04-18 23:59:59.999000,150,50,20322.267047992314,10000,"[3.5, 130]",0.11654969188326812,-Infinity,4
14,FLOKIUSDT,SANDUSDT,1.3970931173240608e-9,2024-11-19 23:59:59.999000,2025-04-18 23:59:59.999000,150,50,9944.624340653985,10000,"[3.5, 130]",-0.006864478791904837,-Infinity,4
15,GMTUSDT,SCRTUSDT,2.320744190500073e-9,2024-11-19 23:59:59.999000,2025-04-18 23:59:59.999000,150,50,28141.94862083752,11792.194926071725,"[1.0, 40]",0.20523634060645365,0.23008006946388798,4
16,MEUSDT,PIVXUSDT,4.8798698500313315e-9,2024-11-19 23:59:59.999000,2025-04-18 23:59:59.999000,150,50,11131.37325290528,11072.193170335324,"[0.5, 50]",0.024760945408094065,0.16294564379887386,4
17,BSWUSDT,VOXELUSDT,4.982465236426316e-9,2024-11-19 23:59:59.999000,2025-04-18 23:59:59.999000,150,50,17891.593545606363,8353.517619141396,"[0.5, 130]",0.16131431522176795,0.022143134178283494,4
18,TRUMPUSDT,YFIUSDT,6.092830648704543e-9,2024-11-19 23:59:59.999000,2025-04-18 23:59:59.999000,150,50,10780.52944832977,11054.780890891301,"[1.5, 10]",0.07583362884840786,0.14462384440769308,4
19,ACEUSDT,KSMUSDT,7.977421327972732e-9,2024-11-19 23:59:59.999000,2025-04-18 23:59:59.999000,150,50,12112.007285025917,10110.403856972633,"[0.5, 100]",0.0504849132776436,0.016304059216167323,4
20,DOTUSDT,TRUUSDT,1.0132254091677578e-8,2024-11-19 23:59:59.999000,2025-04-18 23:59:59.999000,150,50,11304.735913746861,10000,"[3.5, 40]",0.12267085851672921,-Infinity,4
21,SANDUSDT,ZRXUSDT,1.1613543133556789e-8,2024-11-19 23:59:59.999000,2025-04-18 23:59:59.999000,150,50,12129.27877749134,10000,"[3.5, 30]",0.0834449954802487,-Infinity,4
22,DOGEUSDT,XLMUSDT,1.1700432568674446e-8,2024-11-19 23:59:59.999000,2025-04-18 23:59:59.999000,150,50,10776.551208846355,9084.129564824227,"[1.5, 10]",0.04205623571560477,-0.1573340715658462,4
23,ALPHAUSDT,KSMUSDT,1.3818672444953355e-8,2024-11-19 23:59:59.999000,2025-04-18 23:59:59.999000,150,50,19137.495722331307,10759.715692301566,"[0.5, 90]",0.09214180459224881,0.06306549873572614,4
24,LAZIOUSDT,MEUSDT,1.4920898353195357e-8,2024-11-19 23:59:59.999000,2025-04-18 23:59:59.999000,150,50,16017.46421727776,10243.75298533901,"[0.5, 10]",0.11797760281297895,0.02841725064638141,4
25,ARKMUSDT,DOTUSDT,1.8964321448846458e-8,2024-11-19 23:59:59.999000,2025-04-18 23:59:59.999000,150,50,13356.929303968443,9745.89851936803,"[1.0, 10]",0.09000833074260861,-0.04140644163524088,4
26,JSTUSDT,SANDUSDT,2.420487630388201e-8,2024-11-19 23:59:59.999000,2025-04-18 23:59:59.999000,150,50,13912.013029014111,11270.873321431374,"[3.0, 70]",0.12916513795749787,0.2644093693474642,4
27,DOTUSDT,RDNTUSDT,3.2973853171243934e-8,2024-11-19 23:59:59.999000,2025-04-18 23:59:59.999000,150,50,13398.559461134397,10465.977415016807,"[0.5, 50]",0.10338926480559808,0.060521565889565816,4
28,BOMEUSDT,ONEUSDT,3.588171360063165e-8,2024-11-19 23:59:59.999000,2025-04-18 23:59:59.999000,150,50,8916.0877641375,11252.936633450907,"[0.5, 10]",0.002904951439055928,0.10437337708208051,4
29,PENGUUSDT,ZENUSDT,3.7401766534854605e-8,2024-11-19 23:59:59.999000,2025-04-18 23:59:59.999000,150,50,8632.600675542091,8405.280130355186,"[0.5, 10]",0.026636703345671336,-0.0768323880144816,4
30,DASHUSDT,SUNUSDT,4.449562632360736e-8,2024-11-19 23:59:59.999000,2025-04-18 23:59:59.999000,150,50,17770.959868435668,10305.907559350304,"[1.5, 10]",0.09258643476256433,0.05210921985540526,4
31,LAZIOUSDT,MOVRUSDT,4.856417440934607e-8,2024-11-19 23:59:59.999000,2025-04-18 23:59:59.999000,150,50,12465.029437333098,10808.144879279667,"[2.0, 30]",0.08552065410288612,0.110651844859175,4
32,CELOUSDT,DOTUSDT,5.288954053941277e-8,2024-11-19 23:59:59.999000,2025-04-18 23:59:59.999000,150,50,11590.059605858007,10118.457496407105,"[1.5, 40]",0.10745150138552567,0.024458428773218067,4
33,MANAUSDT,ZRXUSDT,5.2969451908133316e-8,2024-11-19 23:59:59.999000,2025-04-18 23:59:59.999000,150,50,13667.93979229521,9699.806820894923,"[0.5, 110]",0.08243306495488746,-0.08218863376604459,4
34,IQUSDT,TFUELUSDT,6.039472862155696e-8,2024-11-19 23:59:59.999000,2025-04-18 23:59:59.999000,150,50,17292.331491392677,11158.904941082701,"[0.5, 70]",0.17486193268851066,0.17745869505460454,4
35,JUVUSDT,XVSUSDT,6.159150271588408e-8,2024-11-19 23:59:59.999000,2025-04-18 23:59:59.999000,150,50,19044.343532950268,9958.563180419096,"[2.0, 80]",0.12255583512719219,-0.03212868788328783,4
36,CHRUSDT,TLMUSDT,6.513770746557037e-8,2024-11-19 23:59:59.999000,2025-04-18 23:59:59.999000,150,50,18621.348335464623,9768.582578919068,"[0.5, 70]",0.3320818456435676,-0.05798014746807078,4
37,BOMEUSDT,SCRTUSDT,7.288411252152003e-8,2024-11-19 23:59:59.999000,2025-04-18 23:59:59.999000,150,50,9784.139968291247,9753.4233806334,"[1.5, 10]",-0.04485845710721326,0.002674186922279495,4
38,ICPUSDT,UMAUSDT,7.475217216997424e-8,2024-11-19 23:59:59.999000,2025-04-18 23:59:59.999000,150,50,12797.143451009064,10081.503655840135,"[2.0, 30]",0.20405728271047718,0.014254207353068373,4
39,BTTCUSDT,TFUELUSDT,8.237986845408212e-8,2024-11-19 23:59:59.999000,2025-04-18 23:59:59.999000,150,50,15039.718121857868,10304.616970412764,"[1.5, 60]",0.20244199372870264,0.04597376469184778,4
40,STEEMUSDT,STGUSDT,8.748583880894714e-8,2024-11-19 23:59:59.999000,2025-04-18 23:59:59.999000,150,50,20527.851189942074,10610.508974403318,"[0.5, 10]",0.18701164304604473,0.12395369745636728,4
41,LSKUSDT,XLMUSDT,1.4071561563736107e-7,2024-11-19 23:59:59.999000,2025-04-18 23:59:59.999000,150,50,18845.174933372764,11383.049223273112,"[0.5, 130]",0.09352236556922248,0.20005853350131822,4
42,ARBUSDT,ICPUSDT,1.7918348707688223e-7,2024-11-19 23:59:59.999000,2025-04-18 23:59:59.999000,150,50,12894.480791696862,8655.878365344613,"[1.5, 40]",0.17105969821032685,-0.16818236983177057,4
43,ALPINEUSDT,RPLUSDT,2.550167129524907e-7,2024-11-19 23:59:59.999000,2025-04-18 23:59:59.999000,150,50,17157.864607808842,16721.545972629778,"[0.5, 10]",0.14187575518752685,0.26689973640345765,4
44,BONKUSDT,MANAUSDT,2.7238205150674e-7,2024-11-19 23:59:59.999000,2025-04-18 23:59:59.999000,150,50,8707.601971815013,11365.996556911896,"[0.5, 40]",-0.02249853368683706,0.1262224200212319,4
45,C98USDT,OGNUSDT,3.0152657550762085e-7,2024-11-19 23:59:59.999000,2025-04-18 23:59:59.999000,150,50,12416.25912073662,11520.42230143251,"[2.0, 30]",0.15388963603933004,0.12387009789982326,4
46,USDTDAI,VANAUSDT,3.2361990938788516e-7,2024-11-19 23:59:59.999000,2025-04-18 23:59:59.999000,150,50,11137.523372360609,9645.187615087953,"[0.5, 10]",0.005856991753808129,-0.02009827924726461,4
47,SANDUSDT,SHIBUSDT,3.3158274880857974e-7,2024-11-19 23:59:59.999000,2025-04-18 23:59:59.999000,150,50,11667.35132853112,10000,"[3.5, 30]",0.07160341279200726,-Infinity,4
48,JUVUSDT,USTCUSDT,3.4282068296316416e-7,2024-11-19 23:59:59.999000,2025-04-18 23:59:59.999000,150,50,21016.128392378396,10000,"[3.5, 130]",0.11788938772996733,-Infinity,4
49,GRTUSDT,POLUSDT,4.3735472620185523e-7,2024-11-19 23:59:59.999000,2025-04-18 23:59:59.999000,150,50,12192.52196194102,10168.952232405636,"[1.0, 40]",0.12391748454609165,0.023149835528729065,4
